[
  {
    "registeredAt": "2025-05-14T13:59:00.365Z",
    "username": "kinhh ssa",
    "password": "ssss",
    "email": "pmykingg@gmail.com",
    "occupationCategory": "scientific",
    "occupation": "Psychologist"
  },
  {
    "registeredAt": "2025-05-14T14:03:40.306Z",
    "username": "ืามท าท ",
    "password": "ppppp",
    "email": "king@gmail.com",
    "occupationCategory": "healthcare",
    "occupation": "Occupational Therapist"
  },
  {
    "registeredAt": "2025-05-15T06:54:27.900Z",
    "username": "cdcd cddc",
    "password": "dcwcdwrf",
    "email": "p@gmail.com",
    "occupationCategory": "computer",
    "occupation": "Computer hardware engineer"
  }
]